{
    "camera_matrix": [
        [680.1281254823257, 0.0, 341.5081036744507], 
        [0.0, 674.0408919010742, 242.2648880069614], 
        [0.0, 0.0, 1.0]
    ], "distortion": [
        [0.03463684509074109, -0.1833189874929321, -0.0026048693143587713, 0.0010437674083113196, -0.24246081395227864]
    ]
}