{
	"camera_matrix": [
		[548.3660465470496, 0.0, 318.36628869739957], 
		[0.0, 546.1695458061688, 238.9800848148716], 
		[0.0, 0.0, 1.0]
	], 
	"distortion": [
		[0.02457462254785843, -0.24628433420855583, 0.000186658140280956, -5.80865061225857e-05, 0.4151871513521476]
	]
}